raceId,season,round,raceName,date,circuitId,circuitName,country,lat,lng,num_drivers,total_points,avg_grid_position,avg_finish_position,grid_variance,finish_variance,points_variance,competitiveness_score,total_points_norm,race_excitement_score,high_interest
2000_1,2000,1,Australian Grand Prix,2000-03-12,albert_park,Albert Park Grand Prix Circuit,Australia,-37.8497,144.968,22,26.0,11.5,11.5,42.166666666666664,42.166666666666664,6.441558441558439,84.33333333333333,0.09523809523809523,84.42857142857143,1
2000_2,2000,2,Brazilian Grand Prix,2000-03-26,interlagos,Autódromo José Carlos Pace,Brazil,-23.7036,-46.6997,22,26.0,9.545454545454545,11.5,41.21212121212121,42.166666666666664,6.441558441558439,83.37878787878788,0.09523809523809523,83.47402597402598,1
2000_3,2000,3,San Marino Grand Prix,2000-04-09,imola,Autodromo Enzo e Dino Ferrari,Italy,44.3439,11.7167,22,26.0,11.5,11.5,42.16666666666667,42.166666666666664,6.441558441558439,84.33333333333334,0.09523809523809523,84.42857142857144,1
2000_4,2000,4,British Grand Prix,2000-04-23,silverstone,Silverstone Circuit,UK,52.0786,-1.01694,22,26.0,11.5,11.5,42.16666666666667,42.166666666666664,6.441558441558439,84.33333333333334,0.09523809523809523,84.42857142857144,1
2000_5,2000,5,Spanish Grand Prix,2000-05-07,catalunya,Circuit de Barcelona-Catalunya,Spain,41.57,2.26111,12,26.0,8.166666666666666,6.5,31.060606060606062,13.0,9.969696969696967,44.06060606060606,0.09523809523809523,44.15584415584416,0
2001_1,2001,1,Australian Grand Prix,2001-03-04,albert_park,Albert Park Grand Prix Circuit,Australia,-37.8497,144.968,22,26.0,11.5,11.5,42.166666666666664,42.166666666666664,6.441558441558439,84.33333333333333,0.09523809523809523,84.42857142857143,1
2001_2,2001,2,Malaysian Grand Prix,2001-03-18,sepang,Sepang International Circuit,Malaysia,2.76083,101.738,22,26.0,11.5,11.5,42.166666666666664,42.166666666666664,6.441558441558439,84.33333333333333,0.09523809523809523,84.42857142857143,1
2001_3,2001,3,Brazilian Grand Prix,2001-04-01,interlagos,Autódromo José Carlos Pace,Brazil,-23.7036,-46.6997,22,26.0,11.5,11.5,42.166666666666664,42.166666666666664,6.441558441558439,84.33333333333333,0.09523809523809523,84.42857142857143,1
2001_4,2001,4,San Marino Grand Prix,2001-04-15,imola,Autodromo Enzo e Dino Ferrari,Italy,44.3439,11.7167,22,26.0,11.5,11.5,42.16666666666665,42.166666666666664,6.441558441558439,84.33333333333331,0.09523809523809523,84.42857142857142,1
2001_5,2001,5,Spanish Grand Prix,2001-04-29,catalunya,Circuit de Barcelona-Catalunya,Spain,41.57,2.26111,12,26.0,8.916666666666666,6.5,27.35606060606061,13.0,9.969696969696967,40.35606060606061,0.09523809523809523,40.451298701298704,0
2002_1,2002,1,Australian Grand Prix,2002-03-03,albert_park,Albert Park Grand Prix Circuit,Australia,-37.8497,144.968,22,26.0,11.5,11.5,42.166666666666664,42.166666666666664,6.441558441558439,84.33333333333333,0.09523809523809523,84.42857142857143,1
2002_2,2002,2,Malaysian Grand Prix,2002-03-17,sepang,Sepang International Circuit,Malaysia,2.76083,101.738,22,26.0,11.5,11.5,42.166666666666664,42.166666666666664,6.441558441558439,84.33333333333333,0.09523809523809523,84.42857142857143,1
2002_3,2002,3,Brazilian Grand Prix,2002-03-31,interlagos,Autódromo José Carlos Pace,Brazil,-23.7036,-46.6997,22,26.0,11.5,11.5,42.166666666666664,42.166666666666664,6.441558441558439,84.33333333333333,0.09523809523809523,84.42857142857143,1
2002_4,2002,4,San Marino Grand Prix,2002-04-14,imola,Autodromo Enzo e Dino Ferrari,Italy,44.3439,11.7167,21,26.0,11.047619047619047,11.0,39.54761904761905,38.5,6.690476190476188,78.04761904761905,0.09523809523809523,78.14285714285715,1
2002_5,2002,5,Spanish Grand Prix,2002-04-28,catalunya,Circuit de Barcelona-Catalunya,Spain,41.57,2.26111,13,26.0,9.461538461538462,7.0,29.769230769230763,15.166666666666666,9.499999999999998,44.93589743589743,0.09523809523809523,45.031135531135526,0
2003_1,2003,1,Australian Grand Prix,2003-03-09,albert_park,Albert Park Grand Prix Circuit,Australia,-37.8497,144.968,20,39.0,10.5,10.5,35.0,35.0,9.418421052631578,70.0,0.25,70.25,0
2003_2,2003,2,Malaysian Grand Prix,2003-03-23,sepang,Sepang International Circuit,Malaysia,2.76083,101.738,20,39.0,10.5,10.5,34.999999999999986,35.0,9.418421052631578,69.99999999999999,0.25,70.24999999999999,0
2003_3,2003,3,Brazilian Grand Prix,2003-04-06,interlagos,Autódromo José Carlos Pace,Brazil,-23.7036,-46.6997,20,39.0,10.5,10.5,34.999999999999986,35.0,9.418421052631578,69.99999999999999,0.25,70.24999999999999,0
2003_4,2003,4,San Marino Grand Prix,2003-04-20,imola,Autodromo Enzo e Dino Ferrari,Italy,44.3439,11.7167,20,39.0,10.5,10.5,35.0,35.0,9.418421052631578,70.0,0.25,70.25,0
2003_5,2003,5,Spanish Grand Prix,2003-05-04,catalunya,Circuit de Barcelona-Catalunya,Spain,41.57,2.26111,20,39.0,10.5,10.5,35.0,35.0,9.418421052631578,70.0,0.25,70.25,0
2004_1,2004,1,Australian Grand Prix,2004-03-07,albert_park,Albert Park Grand Prix Circuit,Australia,-37.8497,144.968,20,39.0,10.5,10.5,34.99999999999999,35.0,9.418421052631578,70.0,0.25,70.25,0
2004_2,2004,2,Malaysian Grand Prix,2004-03-21,sepang,Sepang International Circuit,Malaysia,2.76083,101.738,20,39.0,10.5,10.5,34.99999999999999,35.0,9.418421052631578,70.0,0.25,70.25,0
2004_3,2004,3,Bahrain Grand Prix,2004-04-04,bahrain,Bahrain International Circuit,Bahrain,26.0325,50.5106,20,39.0,10.5,10.5,35.0,35.0,9.418421052631578,70.0,0.25,70.25,0
2004_4,2004,4,San Marino Grand Prix,2004-04-25,imola,Autodromo Enzo e Dino Ferrari,Italy,44.3439,11.7167,20,39.0,10.5,10.5,34.999999999999986,35.0,9.418421052631578,69.99999999999999,0.25,70.24999999999999,0
2004_5,2004,5,Spanish Grand Prix,2004-05-09,catalunya,Circuit de Barcelona-Catalunya,Spain,41.57,2.26111,20,39.0,10.5,10.5,35.0,35.0,9.418421052631578,70.0,0.25,70.25,0
2005_1,2005,1,Australian Grand Prix,2005-03-06,albert_park,Albert Park Grand Prix Circuit,Australia,-37.8497,144.968,20,39.0,10.5,10.5,34.99999999999999,35.0,9.418421052631578,70.0,0.25,70.25,0
2005_2,2005,2,Malaysian Grand Prix,2005-03-20,sepang,Sepang International Circuit,Malaysia,2.76083,101.738,20,39.0,10.5,10.5,35.0,35.0,9.418421052631578,70.0,0.25,70.25,0
2005_3,2005,3,Bahrain Grand Prix,2005-04-03,bahrain,Bahrain International Circuit,Bahrain,26.0325,50.5106,20,39.0,10.5,10.5,34.99999999999999,35.0,9.418421052631578,70.0,0.25,70.25,0
2005_4,2005,4,San Marino Grand Prix,2005-04-24,imola,Autodromo Enzo e Dino Ferrari,Italy,44.3439,11.7167,20,39.0,10.5,10.5,34.99999999999999,35.0,9.418421052631578,70.0,0.25,70.25,0
2005_5,2005,5,Spanish Grand Prix,2005-05-08,catalunya,Circuit de Barcelona-Catalunya,Spain,41.57,2.26111,18,39.0,9.5,9.5,28.499999999999996,28.5,10.029411764705882,57.0,0.25,57.25,0
2005_6,2005,6,Monaco Grand Prix,2005-05-22,monaco,Circuit de Monaco,Monaco,43.7347,7.42056,2,18.0,3.5,1.5,12.5,0.5,2.0,13.0,0.0,13.0,0
2006_1,2006,1,Bahrain Grand Prix,2006-03-12,bahrain,Bahrain International Circuit,Bahrain,26.0325,50.5106,22,39.0,11.5,11.5,42.166666666666664,42.166666666666664,8.85064935064935,84.33333333333333,0.25,84.58333333333333,1
2006_2,2006,2,Malaysian Grand Prix,2006-03-19,sepang,Sepang International Circuit,Malaysia,2.76083,101.738,22,39.0,11.5,11.5,42.166666666666664,42.166666666666664,8.85064935064935,84.33333333333333,0.25,84.58333333333333,1
2006_3,2006,3,Australian Grand Prix,2006-04-02,albert_park,Albert Park Grand Prix Circuit,Australia,-37.8497,144.968,22,39.0,11.5,11.5,42.166666666666664,42.166666666666664,8.85064935064935,84.33333333333333,0.25,84.58333333333333,1
2006_4,2006,4,San Marino Grand Prix,2006-04-23,imola,Autodromo Enzo e Dino Ferrari,Italy,44.3439,11.7167,22,39.0,11.5,11.5,42.166666666666664,42.166666666666664,8.85064935064935,84.33333333333333,0.25,84.58333333333333,1
2006_5,2006,5,European Grand Prix,2006-05-07,nurburgring,Nürburgring,Germany,50.3356,6.9475,12,39.0,9.333333333333334,6.5,47.87878787878788,13.0,11.659090909090908,60.87878787878788,0.25,61.12878787878788,0
2007_1,2007,1,Australian Grand Prix,2007-03-18,albert_park,Albert Park Grand Prix Circuit,Australia,-37.8497,144.968,22,39.0,11.5,11.5,42.16666666666667,42.166666666666664,8.85064935064935,84.33333333333334,0.25,84.58333333333334,1
2007_2,2007,2,Malaysian Grand Prix,2007-04-08,sepang,Sepang International Circuit,Malaysia,2.76083,101.738,22,39.0,11.5,11.5,42.16666666666666,42.166666666666664,8.85064935064935,84.33333333333331,0.25,84.58333333333331,1
2007_3,2007,3,Bahrain Grand Prix,2007-04-15,bahrain,Bahrain International Circuit,Bahrain,26.0325,50.5106,22,39.0,11.5,11.5,42.166666666666664,42.166666666666664,8.85064935064935,84.33333333333333,0.25,84.58333333333333,1
2007_4,2007,4,Spanish Grand Prix,2007-05-13,catalunya,Circuit de Barcelona-Catalunya,Spain,41.57,2.26111,22,39.0,11.5,11.5,42.166666666666664,42.166666666666664,8.85064935064935,84.33333333333333,0.25,84.58333333333333,1
2007_5,2007,5,Monaco Grand Prix,2007-05-27,monaco,Circuit de Monaco,Monaco,43.7347,7.42056,12,39.0,7.833333333333333,6.5,28.515151515151512,13.0,11.659090909090908,41.515151515151516,0.25,41.765151515151516,0
2008_1,2008,1,Australian Grand Prix,2008-03-16,albert_park,Albert Park Grand Prix Circuit,Australia,-37.8497,144.968,22,39.0,11.5,11.5,42.16666666666668,42.166666666666664,8.85064935064935,84.33333333333334,0.25,84.58333333333334,1
2008_2,2008,2,Malaysian Grand Prix,2008-03-23,sepang,Sepang International Circuit,Malaysia,2.76083,101.738,22,39.0,11.5,11.5,42.166666666666664,42.166666666666664,8.85064935064935,84.33333333333333,0.25,84.58333333333333,1
2008_3,2008,3,Bahrain Grand Prix,2008-04-06,bahrain,Bahrain International Circuit,Bahrain,26.0325,50.5106,22,39.0,11.5,11.5,42.16666666666668,42.166666666666664,8.85064935064935,84.33333333333334,0.25,84.58333333333334,1
2008_4,2008,4,Spanish Grand Prix,2008-04-27,catalunya,Circuit de Barcelona-Catalunya,Spain,41.57,2.26111,22,39.0,11.5,11.5,42.166666666666664,42.166666666666664,8.85064935064935,84.33333333333333,0.25,84.58333333333333,1
2008_5,2008,5,Turkish Grand Prix,2008-05-11,istanbul,Istanbul Park,Turkey,40.9517,29.405,12,39.0,6.583333333333333,6.5,14.08333333333333,13.0,11.659090909090908,27.08333333333333,0.25,27.33333333333333,0
2009_1,2009,1,Australian Grand Prix,2009-03-29,albert_park,Albert Park Grand Prix Circuit,Australia,-37.8497,144.968,20,39.0,10.5,10.5,35.00000000000001,35.0,9.418421052631578,70.0,0.25,70.25,0
2009_2,2009,2,Malaysian Grand Prix,2009-04-05,sepang,Sepang International Circuit,Malaysia,2.76083,101.738,20,19.5,10.5,10.5,35.00000000000001,35.0,2.3546052631578944,70.0,0.017857142857142856,70.01785714285714,0
2009_3,2009,3,Chinese Grand Prix,2009-04-19,shanghai,Shanghai International Circuit,China,31.3389,121.22,20,39.0,10.5,10.5,35.0,35.0,9.418421052631578,70.0,0.25,70.25,0
2009_4,2009,4,Bahrain Grand Prix,2009-04-26,bahrain,Bahrain International Circuit,Bahrain,26.0325,50.5106,20,39.0,10.5,10.5,35.000000000000014,35.0,9.418421052631578,70.00000000000001,0.25,70.25000000000001,0
2009_5,2009,5,Spanish Grand Prix,2009-05-10,catalunya,Circuit de Barcelona-Catalunya,Spain,41.57,2.26111,20,39.0,10.5,10.5,34.99999999999999,35.0,9.418421052631578,70.0,0.25,70.25,0
2010_1,2010,1,Bahrain Grand Prix,2010-03-14,bahrain,Bahrain International Circuit,Bahrain,26.0325,50.5106,24,101.0,12.5,12.5,49.99999999999999,50.0,48.43297101449274,100.0,0.9880952380952381,100.98809523809524,1
2010_2,2010,2,Australian Grand Prix,2010-03-28,albert_park,Albert Park Grand Prix Circuit,Australia,-37.8497,144.968,24,101.0,12.5,12.5,49.99999999999999,50.0,48.43297101449274,100.0,0.9880952380952381,100.98809523809524,1
2010_3,2010,3,Malaysian Grand Prix,2010-04-04,sepang,Sepang International Circuit,Malaysia,2.76083,101.738,24,101.0,12.5,12.5,50.00000000000001,50.0,48.43297101449274,100.0,0.9880952380952381,100.98809523809524,1
2010_4,2010,4,Chinese Grand Prix,2010-04-18,shanghai,Shanghai International Circuit,China,31.3389,121.22,24,101.0,12.5,12.5,50.0,50.0,48.43297101449274,100.0,0.9880952380952381,100.98809523809524,1
2010_5,2010,5,Spanish Grand Prix,2010-05-09,catalunya,Circuit de Barcelona-Catalunya,Spain,41.57,2.26111,4,70.0,3.25,2.5,4.916666666666667,1.6666666666666667,30.999999999999996,6.583333333333334,0.6190476190476191,7.2023809523809526,0
2011_1,2011,1,Australian Grand Prix,2011-03-27,albert_park,Albert Park Grand Prix Circuit,Australia,-37.8497,144.968,22,101.0,11.5,11.5,42.166666666666664,42.166666666666664,51.20562770562769,84.33333333333333,0.9880952380952381,85.32142857142857,1
2011_2,2011,2,Malaysian Grand Prix,2011-04-10,sepang,Sepang International Circuit,Malaysia,2.76083,101.738,24,101.0,12.5,12.5,50.0,50.0,48.43297101449274,100.0,0.9880952380952381,100.98809523809524,1
2011_3,2011,3,Chinese Grand Prix,2011-04-17,shanghai,Shanghai International Circuit,China,31.3389,121.22,24,101.0,12.5,12.5,50.0,50.0,48.43297101449274,100.0,0.9880952380952381,100.98809523809524,1
2011_4,2011,4,Turkish Grand Prix,2011-05-08,istanbul,Istanbul Park,Turkey,40.9517,29.405,24,101.0,12.5,12.5,50.0,50.0,48.43297101449274,100.0,0.9880952380952381,100.98809523809524,1
2011_5,2011,5,Spanish Grand Prix,2011-05-22,catalunya,Circuit de Barcelona-Catalunya,Spain,41.57,2.26111,6,88.0,4.166666666666667,3.5,10.166666666666666,3.5,38.266666666666666,13.666666666666666,0.8333333333333334,14.5,0
2012_1,2012,1,Australian Grand Prix,2012-03-18,albert_park,Albert Park Grand Prix Circuit,Australia,-37.8497,144.968,22,101.0,11.5,11.5,42.166666666666664,42.166666666666664,51.20562770562769,84.33333333333333,0.9880952380952381,85.32142857142857,1
2012_2,2012,2,Malaysian Grand Prix,2012-03-25,sepang,Sepang International Circuit,Malaysia,2.76083,101.738,24,101.0,12.5,12.5,49.99999999999999,50.0,48.43297101449274,100.0,0.9880952380952381,100.98809523809524,1
2012_3,2012,3,Chinese Grand Prix,2012-04-15,shanghai,Shanghai International Circuit,China,31.3389,121.22,24,101.0,12.5,12.5,49.99999999999999,50.0,48.43297101449274,100.0,0.9880952380952381,100.98809523809524,1
2012_4,2012,4,Bahrain Grand Prix,2012-04-22,bahrain,Bahrain International Circuit,Bahrain,26.0325,50.5106,24,101.0,12.5,12.5,50.00000000000001,50.0,48.43297101449274,100.0,0.9880952380952381,100.98809523809524,1
2012_5,2012,5,Spanish Grand Prix,2012-05-13,catalunya,Circuit de Barcelona-Catalunya,Spain,41.57,2.26111,6,88.0,4.333333333333333,3.5,9.466666666666665,3.5,38.266666666666666,12.966666666666665,0.8333333333333334,13.799999999999999,0
2013_1,2013,1,Australian Grand Prix,2013-03-17,albert_park,Albert Park Grand Prix Circuit,Australia,-37.8497,144.968,22,101.0,11.5,11.5,42.166666666666664,42.166666666666664,51.20562770562769,84.33333333333333,0.9880952380952381,85.32142857142857,1
2013_2,2013,2,Malaysian Grand Prix,2013-03-24,sepang,Sepang International Circuit,Malaysia,2.76083,101.738,22,101.0,11.5,11.5,42.166666666666664,42.166666666666664,51.20562770562769,84.33333333333333,0.9880952380952381,85.32142857142857,1
2013_3,2013,3,Chinese Grand Prix,2013-04-14,shanghai,Shanghai International Circuit,China,31.3389,121.22,22,101.0,11.5,11.5,42.166666666666664,42.166666666666664,51.20562770562769,84.33333333333333,0.9880952380952381,85.32142857142857,1
2013_4,2013,4,Bahrain Grand Prix,2013-04-21,bahrain,Bahrain International Circuit,Bahrain,26.0325,50.5106,22,101.0,11.5,11.5,42.16666666666668,42.166666666666664,51.20562770562769,84.33333333333334,0.9880952380952381,85.32142857142858,1
2013_5,2013,5,Spanish Grand Prix,2013-05-12,catalunya,Circuit de Barcelona-Catalunya,Spain,41.57,2.26111,12,101.0,7.75,6.5,27.84090909090909,13.0,62.628787878787875,40.84090909090909,0.9880952380952381,41.829004329004334,0
2014_1,2014,1,Australian Grand Prix,2014-03-16,albert_park,Albert Park Grand Prix Circuit,Australia,-37.8497,144.968,22,101.0,11.5,11.5,42.166666666666664,42.166666666666664,51.20562770562769,84.33333333333333,0.9880952380952381,85.32142857142857,1
2014_2,2014,2,Malaysian Grand Prix,2014-03-30,sepang,Sepang International Circuit,Malaysia,2.76083,101.738,22,101.0,11.5,11.5,42.166666666666664,42.166666666666664,51.20562770562769,84.33333333333333,0.9880952380952381,85.32142857142857,1
2014_3,2014,3,Bahrain Grand Prix,2014-04-06,bahrain,Bahrain International Circuit,Bahrain,26.0325,50.5106,22,101.0,11.5,11.5,42.166666666666664,42.166666666666664,51.20562770562769,84.33333333333333,0.9880952380952381,85.32142857142857,1
2014_4,2014,4,Chinese Grand Prix,2014-04-20,shanghai,Shanghai International Circuit,China,31.3389,121.22,22,101.0,11.5,11.5,42.166666666666664,42.166666666666664,51.20562770562769,84.33333333333333,0.9880952380952381,85.32142857142857,1
2014_5,2014,5,Spanish Grand Prix,2014-05-11,catalunya,Circuit de Barcelona-Catalunya,Spain,41.57,2.26111,12,101.0,7.166666666666667,6.5,20.87878787878788,13.0,62.628787878787875,33.878787878787875,0.9880952380952381,34.866883116883116,0
2015_1,2015,1,Australian Grand Prix,2015-03-15,albert_park,Albert Park Grand Prix Circuit,Australia,-37.8497,144.968,18,101.0,8.5,9.5,28.500000000000004,28.5,57.19281045751633,57.0,0.9880952380952381,57.98809523809524,0
2015_2,2015,2,Malaysian Grand Prix,2015-03-29,sepang,Sepang International Circuit,Malaysia,2.76083,101.738,20,101.0,9.5,10.5,34.99999999999999,35.0,54.15526315789473,70.0,0.9880952380952381,70.98809523809524,0
2015_3,2015,3,Chinese Grand Prix,2015-04-12,shanghai,Shanghai International Circuit,China,31.3389,121.22,20,101.0,10.5,10.5,35.000000000000014,35.0,54.15526315789473,70.00000000000001,0.9880952380952381,70.98809523809526,0
2015_4,2015,4,Bahrain Grand Prix,2015-04-19,bahrain,Bahrain International Circuit,Bahrain,26.0325,50.5106,20,101.0,10.5,10.5,34.99999999999999,35.0,54.15526315789473,70.0,0.9880952380952381,70.98809523809524,0
2015_5,2015,5,Spanish Grand Prix,2015-05-10,catalunya,Circuit de Barcelona-Catalunya,Spain,41.57,2.26111,20,101.0,10.5,10.5,35.00000000000001,35.0,54.15526315789473,70.0,0.9880952380952381,70.98809523809524,0
2015_6,2015,6,Monaco Grand Prix,2015-05-24,monaco,Circuit de Monaco,Monaco,43.7347,7.42056,2,43.0,2.5,1.5,0.5,0.5,24.5,1.0,0.2976190476190476,1.2976190476190477,0
2016_1,2016,1,Australian Grand Prix,2016-03-20,albert_park,Albert Park Grand Prix Circuit,Australia,-37.8497,144.968,22,101.0,11.5,11.5,42.16666666666667,42.166666666666664,51.20562770562769,84.33333333333334,0.9880952380952381,85.32142857142858,1
2016_2,2016,2,Bahrain Grand Prix,2016-04-03,bahrain,Bahrain International Circuit,Bahrain,26.0325,50.5106,22,101.0,11.5,11.5,42.16666666666667,42.166666666666664,51.20562770562769,84.33333333333334,0.9880952380952381,85.32142857142858,1
2016_3,2016,3,Chinese Grand Prix,2016-04-17,shanghai,Shanghai International Circuit,China,31.3389,121.22,22,101.0,11.5,11.5,42.16666666666667,42.166666666666664,51.20562770562769,84.33333333333334,0.9880952380952381,85.32142857142858,1
2016_4,2016,4,Russian Grand Prix,2016-05-01,sochi,Sochi Autodrom,Russia,43.4057,39.9578,22,101.0,11.5,11.5,42.166666666666664,42.166666666666664,51.20562770562769,84.33333333333333,0.9880952380952381,85.32142857142857,1
2016_5,2016,5,Spanish Grand Prix,2016-05-15,catalunya,Circuit de Barcelona-Catalunya,Spain,41.57,2.26111,12,101.0,10.0,6.5,30.363636363636363,13.0,62.628787878787875,43.36363636363636,0.9880952380952381,44.3517316017316,0
2017_1,2017,1,Australian Grand Prix,2017-03-26,albert_park,Albert Park Grand Prix Circuit,Australia,-37.8497,144.968,20,101.0,9.75,10.5,39.14473684210526,35.0,54.15526315789473,74.14473684210526,0.9880952380952381,75.1328320802005,1
2017_2,2017,2,Chinese Grand Prix,2017-04-09,shanghai,Shanghai International Circuit,China,31.3389,121.22,20,101.0,10.5,10.5,35.0,35.0,54.15526315789473,70.0,0.9880952380952381,70.98809523809524,0
2017_3,2017,3,Bahrain Grand Prix,2017-04-16,bahrain,Bahrain International Circuit,Bahrain,26.0325,50.5106,20,101.0,10.5,10.5,35.0,35.0,54.15526315789473,70.0,0.9880952380952381,70.98809523809524,0
2017_4,2017,4,Russian Grand Prix,2017-04-30,sochi,Sochi Autodrom,Russia,43.4057,39.9578,20,101.0,10.5,10.5,34.99999999999999,35.0,54.15526315789473,70.0,0.9880952380952381,70.98809523809524,0
2017_5,2017,5,Spanish Grand Prix,2017-05-14,catalunya,Circuit de Barcelona-Catalunya,Spain,41.57,2.26111,20,101.0,10.5,10.5,35.0,35.0,54.15526315789473,70.0,0.9880952380952381,70.98809523809524,0
2018_1,2018,1,Australian Grand Prix,2018-03-25,albert_park,Albert Park Grand Prix Circuit,Australia,-37.8497,144.968,20,101.0,10.5,10.5,34.99999999999999,35.0,54.15526315789473,70.0,0.9880952380952381,70.98809523809524,0
2018_2,2018,2,Bahrain Grand Prix,2018-04-08,bahrain,Bahrain International Circuit,Bahrain,26.0325,50.5106,20,101.0,10.5,10.5,35.0,35.0,54.15526315789473,70.0,0.9880952380952381,70.98809523809524,0
2018_3,2018,3,Chinese Grand Prix,2018-04-15,shanghai,Shanghai International Circuit,China,31.3389,121.22,20,101.0,10.5,10.5,35.0,35.0,54.15526315789473,70.0,0.9880952380952381,70.98809523809524,0
2018_4,2018,4,Azerbaijan Grand Prix,2018-04-29,baku,Baku City Circuit,Azerbaijan,40.3725,49.8533,20,101.0,10.5,10.5,35.0,35.0,54.15526315789473,70.0,0.9880952380952381,70.98809523809524,0
2018_5,2018,5,Spanish Grand Prix,2018-05-13,catalunya,Circuit de Barcelona-Catalunya,Spain,41.57,2.26111,20,101.0,10.5,10.5,35.0,35.0,54.15526315789473,70.0,0.9880952380952381,70.98809523809524,0
2019_1,2019,1,Australian Grand Prix,2019-03-17,albert_park,Albert Park Grand Prix Circuit,Australia,-37.8497,144.968,20,102.0,10.5,10.5,35.0,35.0,56.30526315789472,70.0,1.0,71.0,0
2019_2,2019,2,Bahrain Grand Prix,2019-03-31,bahrain,Bahrain International Circuit,Bahrain,26.0325,50.5106,20,102.0,10.5,10.5,35.0,35.0,55.25263157894735,70.0,1.0,71.0,0
2019_3,2019,3,Chinese Grand Prix,2019-04-14,shanghai,Shanghai International Circuit,China,31.3389,121.22,20,102.0,9.5,10.5,34.99999999999999,35.0,54.515789473684194,70.0,1.0,71.0,0
2019_4,2019,4,Azerbaijan Grand Prix,2019-04-28,baku,Baku City Circuit,Azerbaijan,40.3725,49.8533,20,102.0,7.65,10.5,32.34473684210527,35.0,54.72631578947367,67.34473684210528,1.0,68.34473684210528,0
2019_5,2019,5,Spanish Grand Prix,2019-05-12,catalunya,Circuit de Barcelona-Catalunya,Spain,41.57,2.26111,20,102.0,9.5,10.5,35.000000000000014,35.0,56.30526315789472,70.00000000000001,1.0,71.00000000000001,1
2020_1,2020,1,Austrian Grand Prix,2020-07-05,red_bull_ring,Red Bull Ring,Austria,47.2197,14.7647,20,102.0,10.5,10.5,35.0,35.0,55.25263157894735,70.0,1.0,71.0,0
2020_2,2020,2,Styrian Grand Prix,2020-07-12,red_bull_ring,Red Bull Ring,Austria,47.2197,14.7647,20,102.0,9.5,10.5,35.0,35.0,53.884210526315776,70.0,1.0,71.0,0
2020_3,2020,3,Hungarian Grand Prix,2020-07-19,hungaroring,Hungaroring,Hungary,47.5789,19.2486,20,102.0,8.8,10.5,39.01052631578948,35.0,56.30526315789472,74.01052631578948,1.0,75.01052631578948,1
2020_4,2020,4,British Grand Prix,2020-08-02,silverstone,Silverstone Circuit,UK,52.0786,-1.01694,20,102.0,10.5,10.5,35.0,35.0,55.568421052631564,70.0,1.0,71.0,0
2020_5,2020,5,70th Anniversary Grand Prix,2020-08-09,silverstone,Silverstone Circuit,UK,52.0786,-1.01694,20,102.0,10.5,10.5,35.0,35.0,55.568421052631564,70.0,1.0,71.0,0
2021_1,2021,1,Bahrain Grand Prix,2021-03-28,bahrain,Bahrain International Circuit,Bahrain,26.0325,50.5106,20,102.0,9.95,10.5,40.47105263157895,35.0,55.25263157894735,75.47105263157894,1.0,76.47105263157894,1
2021_2,2021,2,Emilia Romagna Grand Prix,2021-04-18,imola,Autodromo Enzo e Dino Ferrari,Italy,44.3439,11.7167,20,102.0,9.85,10.5,40.02894736842105,35.0,55.568421052631564,75.02894736842106,1.0,76.02894736842106,1
2021_3,2021,3,Portuguese Grand Prix,2021-05-02,portimao,Autódromo Internacional do Algarve,Portugal,37.227,-8.6267,20,102.0,10.5,10.5,35.00000000000001,35.0,55.25263157894735,70.0,1.0,71.0,0
2021_4,2021,4,Spanish Grand Prix,2021-05-09,catalunya,Circuit de Barcelona-Catalunya,Spain,41.57,2.26111,20,102.0,10.5,10.5,35.0,35.0,55.568421052631564,70.0,1.0,71.0,0
2021_5,2021,5,Monaco Grand Prix,2021-05-23,monaco,Circuit de Monaco,Monaco,43.7347,7.42056,20,102.0,10.5,10.5,34.99999999999999,35.0,54.30526315789472,70.0,1.0,71.0,0
2022_1,2022,1,Bahrain Grand Prix,2022-03-20,bahrain,Bahrain International Circuit,Bahrain,26.0325,50.5106,20,102.0,10.5,10.5,34.99999999999999,35.0,56.30526315789472,70.0,1.0,71.0,0
2022_2,2022,2,Saudi Arabian Grand Prix,2022-03-27,jeddah,Jeddah Corniche Circuit,Saudi Arabia,21.6319,39.1044,20,102.0,9.5,10.5,35.0,35.0,55.568421052631564,70.0,1.0,71.0,0
2022_3,2022,3,Australian Grand Prix,2022-04-10,albert_park,Albert Park Grand Prix Circuit,Australia,-37.8497,144.968,20,102.0,10.5,10.5,35.00000000000001,35.0,56.30526315789472,70.0,1.0,71.0,0
2022_4,2022,4,Emilia Romagna Grand Prix,2022-04-24,imola,Autodromo Enzo e Dino Ferrari,Italy,44.3439,11.7167,20,102.0,9.5,10.5,35.00000000000001,35.0,56.30526315789472,70.0,1.0,71.0,0
2022_5,2022,5,Miami Grand Prix,2022-05-08,miami,Miami International Autodrome,USA,25.9581,-80.2389,20,102.0,9.35,10.5,44.87105263157894,35.0,56.30526315789472,79.87105263157895,1.0,80.87105263157895,1
2023_1,2023,1,Bahrain Grand Prix,2023-03-05,bahrain,Bahrain International Circuit,Bahrain,26.0325,50.5106,20,101.0,10.5,10.5,35.0,35.0,54.15526315789473,70.0,0.9880952380952381,70.98809523809524,0
2023_2,2023,2,Saudi Arabian Grand Prix,2023-03-19,jeddah,Jeddah Corniche Circuit,Saudi Arabia,21.6319,39.1044,20,102.0,10.5,10.5,35.00000000000001,35.0,55.568421052631564,70.0,1.0,71.0,0
2023_3,2023,3,Australian Grand Prix,2023-04-02,albert_park,Albert Park Grand Prix Circuit,Australia,-37.8497,144.968,20,102.0,10.5,10.5,35.0,35.0,54.72631578947367,70.0,1.0,71.0,0
2023_4,2023,4,Azerbaijan Grand Prix,2023-04-30,baku,Baku City Circuit,Azerbaijan,40.3725,49.8533,20,102.0,10.5,10.5,35.00000000000001,35.0,54.09473684210525,70.0,1.0,71.0,0
2023_5,2023,5,Miami Grand Prix,2023-05-07,miami,Miami International Autodrome,USA,25.9581,-80.2389,20,102.0,10.5,10.5,35.0,35.0,56.30526315789472,70.0,1.0,71.0,0
2024_1,2024,1,Bahrain Grand Prix,2024-03-02,bahrain,Bahrain International Circuit,Bahrain,26.0325,50.5106,20,102.0,10.5,10.5,35.00000000000001,35.0,56.30526315789472,70.0,1.0,71.0,0
2024_2,2024,2,Saudi Arabian Grand Prix,2024-03-09,jeddah,Jeddah Corniche Circuit,Saudi Arabia,21.6319,39.1044,20,102.0,10.5,10.5,35.0,35.0,55.25263157894735,70.0,1.0,71.0,0
2024_3,2024,3,Australian Grand Prix,2024-03-24,albert_park,Albert Park Grand Prix Circuit,Australia,-37.8497,144.968,19,102.0,10.0,10.0,31.66666666666666,31.666666666666668,57.1345029239766,63.33333333333333,1.0,64.33333333333333,0
2024_4,2024,4,Japanese Grand Prix,2024-04-07,suzuka,Suzuka Circuit,Japan,34.8431,136.541,20,102.0,10.5,10.5,35.0,35.0,56.30526315789472,70.0,1.0,71.0,0
2024_5,2024,5,Chinese Grand Prix,2024-04-21,shanghai,Shanghai International Circuit,China,31.3389,121.22,20,102.0,10.5,10.5,35.00000000000001,35.0,54.30526315789472,70.0,1.0,71.0,0
2024_6,2024,6,Miami Grand Prix,2024-05-05,miami,Miami International Autodrome,USA,25.9581,-80.2389,1,25.0,5.0,1.0,,,,0.0,0.08333333333333333,0.08333333333333333,0
